name,website,city
VBAT,https://www.vbat.com,Amsterdam
FHV BBDO,https://www.fhvbbdo.nl,Amsterdam
Nothing Agency,https://nothing.agency,Amsterdam
Pool Worldwide,https://www.poolww.com,Amsterdam
Raak Amsterdam,https://www.raak.amsterdam,Amsterdam
Soapbox,https://www.soapbox.nl,Amsterdam
Sticky,https://www.sticky.nl,Amsterdam
Natwerk,https://www.natwerk.nl,Amsterdam
Morse,https://www.morse.nl,Amsterdam
We Are Blossom,https://www.weareblossom.com,Amsterdam
Ark Communication,https://www.arkcommunicatie.nl,Amsterdam
Freshheads,https://www.freshheads.com,Tilburg
Aanjager,https://www.aanjager.nl,Amsterdam
Brand Brothers,https://www.brandbrothers.nl,Amsterdam
Doordacht,https://www.doordacht.nl,Amsterdam
Conceptual,https://www.conceptual.nl,Amsterdam
Reason Why,https://www.reasonwhy.nl,Amsterdam
Merkelijkheid,https://www.merkelijkheid.nl,Amsterdam
Driebit,https://www.driebit.nl,Amsterdam
Lemon Amsterdam,https://www.lemon.nl,Amsterdam
Studio Piraat,https://www.studiopiraat.nl,Amsterdam
Muzus,https://www.muzus.nl,Amsterdam
Oost Communicatie,https://www.oost.nl,Amsterdam
Blauwdruk,https://www.blauwdruk.nl,Amsterdam
Fullservice,https://www.fullservice.nl,Amsterdam
Ware Woorden,https://www.warewoorden.nl,Amsterdam
Positiv,https://www.positiv.nl,Amsterdam
Oogappel,https://www.oogappel.nl,Amsterdam
Vet Design,https://www.vetdesign.nl,Amsterdam
Aan Zee,https://www.aanzee.agency,Amsterdam
M2Media,https://www.m2media.nl,Amsterdam
Vrije Stijl,https://www.vrijestijl.nl,Amsterdam
Hoofd,https://www.hoofd.nu,Amsterdam
Zicht,https://www.zichtcommunicatie.nl,Amsterdam
Wij zijn flink,https://www.wijzijnflink.nl,Amsterdam
De Gouden Leeuw,https://www.degoudenleeuw.com,Amsterdam
Good People,https://www.goodpeople.nl,Amsterdam
Silo Amsterdam,https://www.silo-amsterdam.nl,Amsterdam
Guts,https://www.gutsamsterdam.nl,Amsterdam
Studio Dumbar,https://www.studiodumbar.com,Rotterdam
Studio Kluif,https://www.studiokluif.nl,Rotterdam
PR More,https://www.prmore.nl,Rotterdam
Het Collectief,https://www.hetcollectief.nl,Rotterdam
Lava,https://www.lava.nl,Rotterdam
Fabrique,https://www.fabrique.nl,Rotterdam
Wisefools,https://www.wisefools.nl,Rotterdam
Wissing,https://www.wissing.nl,Rotterdam
Inktvis,https://www.inktvis.nl,Rotterdam
Brachial,https://www.brachial.nl,Rotterdam
Vrijstaat O,https://www.vrijstaato.nl,Rotterdam
Velvet,https://www.velvet.nl,Rotterdam
Brandsen & Partners,https://www.brandsenpartners.nl,Rotterdam
Studio Clio,https://www.studioclio.nl,Rotterdam
Krachtig Communicatie,https://www.krachtigcommunicatie.nl,Rotterdam
Cloq,https://www.cloq.nl,Den Haag
Studio Loupe,https://www.studioloupe.nl,Den Haag
Identim,https://www.identim.nl,Den Haag
Haagse Designclub,https://www.haagsedesignclub.nl,Den Haag
Vrij Formaat,https://www.vrijformaat.nl,Den Haag
Toyz,https://www.toyz.nl,Den Haag
Praxis Communicatie,https://www.praxiscommunicatie.nl,Den Haag
Signal,https://www.signalcreative.nl,Den Haag
Totalsix,https://www.totalsix.nl,Utrecht
Social Brothers,https://www.socialbrothers.nl,Utrecht
Buro Smit,https://www.burosmit.nl,Utrecht
Vlugt,https://www.vlugt.nl,Utrecht
Tosti Studio,https://www.tosti.studio,Utrecht
Brandpuntt,https://www.brandpuntt.nl,Utrecht
Reclamebureau Utrecht,https://www.reclamebureauutrecht.nl,Utrecht
Vloerplan,https://www.vloerplan.nl,Utrecht
Up,https://www.upagency.nl,Utrecht
Greenberry,https://www.greenberry.nl,Eindhoven
Social Brothers Eindhoven,https://www.socialbrothers.nl/eindhoven,Eindhoven
Codefish,https://www.codefish.nl,Eindhoven
Burst Eindhoven,https://www.burst-communicatie.nl,Eindhoven
Brandfirm,https://www.brandfirm.nl,Eindhoven
Studio Piraat Eindhoven,https://www.studiopiraat.nl/eindhoven,Eindhoven
Dijk Groep,https://www.dijkgroep.nl,Groningen
Reclamestudio Noord,https://www.reclamestudio-noord.nl,Groningen
Norby,https://www.norby.nl,Groningen
Buro Noord,https://www.buroreclame.nl,Groningen
Mosselman,https://www.mosselman.nl,Groningen
Schuttelaar Groningen,https://www.schuttelaar.nl,Groningen
Reburo,https://www.reburo.nl,Leeuwarden
Reclamebureau Friesland,https://www.reclamefriesland.nl,Leeuwarden
Merkbaar,https://www.merkbaar.nl,Leeuwarden
Ontwerpbureau Noord,https://www.ontwerpbureaun.nl,Leeuwarden
Meesterwerk,https://www.meesterwerk.nl,Zwolle
Fullstop,https://www.fullstop.nl,Zwolle
Reclamebureau Salland,https://www.sallandmedia.nl,Zwolle
De Communicatiefabriek,https://www.communicatiefabriek.nl,Zwolle
Reclamebureau Arnhem,https://www.reclamebureauarnhem.nl,Arnhem
VAAN,https://www.vaan.nl,Arnhem
Sievert Larsen,https://www.sievertlarsen.nl,Arnhem
Studio Achterhoek,https://www.studioachterhoek.nl,Doetinchem
Druk en Zo,https://www.drukenzo.nl,Nijmegen
DQ,https://www.dq.nl,Nijmegen
Buro Roos,https://www.buroroos.nl,Nijmegen
Helder,https://www.helder.nl,Nijmegen
Reclamebureau Tilburg,https://www.reclamebureautilburg.nl,Tilburg
Stripes,https://www.stripes.nl,Tilburg
Markant,https://www.markant.nl,Tilburg
Het Reclamebureau,https://www.hetreclamebureau.nl,Breda
Intende,https://www.intende.nl,Breda
StudioBrabo,https://www.studiobrabo.nl,Breda
Reclamebureau Breda,https://www.reclamebureaubreda.nl,Breda
GoudVisuel,https://www.goudvisuel.nl,Breda
Maastrichtse Creatieve,https://www.mce.nl,Maastricht
Zimihc,https://www.zimihc.nl,Maastricht
Bureau Zuid,https://www.bureauheid.nl,Maastricht
Zuidelijk Reclamebureau,https://www.zuidelijkreclamebureau.nl,Maastricht
Bonnefanten Bureau,https://www.bonnefantenbureau.nl,Maastricht
Buro Haarlem,https://www.burohaarlem.nl,Haarlem
De Communicatiegroep,https://www.communicatiegroep.nl,Haarlem
Reclamebureau Kennemerland,https://www.reklan.nl,Haarlem
Aborn,https://www.aborn.nl,Haarlem
Studio Sterk,https://www.studiosterk.nl,Haarlem
Amersfoorts Bureau,https://www.amersfoortsbureau.nl,Amersfoort
Buro Blauw,https://www.buroblauw.nl,Amersfoort
Merk Makers,https://www.merkmakers.nl,Amersfoort
Reclamebureau Assen,https://www.reclamebureauassen.nl,Assen
Reclamebureau Deventer,https://www.reclamebureaudeventer.nl,Deventer
De Communicateurs,https://www.decommunicateurs.nl,Deventer
Marketingbureau Overijssel,https://www.marketingbureauoverijssel.nl,Enschede
Bureau Twente,https://www.bureautwente.nl,Enschede
Reclamebureau Enschede,https://www.reclamebureauenschede.nl,Enschede
Sterk in Communicatie,https://www.sterkincommunicatie.nl,Enschede
Springtij,https://www.springtij.nl,Amsterdam
Wisse Kommunikatie,https://www.wissekommunikatie.nl,Amsterdam
Brandung,https://www.brandung.nl,Amsterdam
Campaignlab,https://www.campaignlab.nl,Amsterdam
Heliotrope,https://www.heliotrope.nl,Amsterdam
Fris in het Hoofd,https://www.frisinhethoofed.nl,Amsterdam
Het Bureau Amsterdam,https://www.hetbureauamsterdam.nl,Amsterdam
Boven de Markt,https://www.bovendemarkt.nl,Amsterdam
Creatief Bureau,https://www.creatiefbureau.nl,Amsterdam
Creationz,https://www.creationz.nl,Amsterdam
Kers,https://www.kers.nl,Amsterdam
Studio 1on1,https://www.studio1on1.nl,Amsterdam
Brandhouse,https://www.brandhouse.nl,Amsterdam
The Persuaders,https://www.thepersuaders.nl,Amsterdam
Burk,https://www.burk.nl,Amsterdam
Kroonenberg Media,https://www.kroonenbergmedia.nl,Amsterdam
OneUp,https://www.oneup.agency,Amsterdam
Studio Piraat Noord,https://www.studiopiraatnoord.nl,Amsterdam
Effectiever,https://www.effectiever.nl,Amsterdam
Beukers Scholma,https://www.beukersscholma.nl,Haarlem
Reclamebureau Drechtsteden,https://www.dordtmedia.nl,Dordrecht
Zeeuwse Creatieven,https://www.zeeuwsecreatieven.nl,Middelburg
Archipel,https://www.archipelcommunicatie.nl,Middelburg
Reclamebureau Zeeland,https://www.reclamebureauzeeland.nl,Goes
Bureau Buitengewoon,https://www.bureaubuitengewoon.nl,Apeldoorn
Cleanwave,https://www.cleanwave.nl,Apeldoorn
Reclamebureau Apeldoorn,https://www.reclamebureauapeldoorn.nl,Apeldoorn
Haagse Creatieve,https://www.haagsecreatieve.nl,Den Haag
Blauw Gras,https://www.blauwgras.nl,Den Haag
Tandem Design,https://www.tandemdesign.nl,Den Haag
Studio Blauw,https://www.studioblauw.nl,Utrecht
Koppert Communicatie,https://www.koppertcommunicatie.nl,Delft
Delftse Designers,https://www.delftsediseigners.nl,Delft
Studio Vooruit,https://www.studiovooruit.nl,Leiden
Leidse Reclame,https://www.leidsereclame.nl,Leiden
Marketingbureau Leiden,https://www.marketingbureauleiden.nl,Leiden
Bureau Almere,https://www.bureaualmere.nl,Almere
Reclamebureau Almere,https://www.reclamebureaualmere.nl,Almere
Studio Flevoland,https://www.studioflevoland.nl,Almere
Reclamebureau Zaandam,https://www.reclamezaandam.nl,Zaandam
NordNord,https://www.nordnord.nl,Amsterdam
Twofourtyseven,https://www.twofourtyseven.nl,Amsterdam
The Bakery,https://www.thebakery.nl,Amsterdam
Full Frontal,https://www.fullfrontal.nl,Amsterdam
Zandbeek,https://www.zandbeek.nl,Amsterdam
Trendredaktie,https://www.trendredaktie.nl,Amsterdam
Buutvrij,https://www.buutvrij.nl,Breda
Buro Pennings,https://www.buropennings.nl,Eindhoven
VormVijf,https://www.vormvijf.nl,Eindhoven
Blikvangers,https://www.blikvangers.nl,Amsterdam
StudioPlant,https://www.studioplant.nl,Amsterdam
Goedhart,https://www.goedhart.eu,Amsterdam
Bloeise,https://www.bloeise.nl,Amsterdam
Schout,https://www.schout.nl,Amsterdam
Reclamebureau Hoofddorp,https://www.reclamehoofdorp.nl,Hoofddorp
